profile	family	model	src_sym	src_param	req_mhz	map_hz	parent	parent_mhz	req_eff	actual_mhz	old_boot_actual
360_ap1pa3_t31x_gc4653_atbm6031	t31	t31x	INTERNAL	None	400	400000000	mpll	1200.0	400.0	400.0	None
ajcloud_cp2011_t23n_sc2336_atbm6132bu	t23	t23n	None	None	None	None	None	None	None	None	None
ajcloud_cp8010_t23n_sc2336p_atbm6132bu	t23	t23n	None	None	None	None	None	None	None	None	None
ajcloud_cp8040_t23n_sc2336p_atbm6132bu	t23	t23n	None	None	None	None	None	None	None	None	None
aobocam_a12_t23dl_jxh63p_txw901u	t23	t23dl	None	None	None	None	None	None	None	None	None
aoqee_c1_t23n_sc2331_atbm6062cu	t23	t23n	None	None	None	None	None	None	None	None	None
aoqee_c1_t23n_sc2336_atbm6062	t23	t23n	None	None	None	None	None	None	None	None	None
aoqee_c1_t23n_sc2336_atbm6062cu	t23	t23n	None	None	None	None	None	None	None	None	None
aosu_c5l_t31l_sc3336_rtl8188ftv	t31	t31l	MPLL	mpll	400	400000000	mpll	1000.0	400.0	333.3333333333333	None
aosu_c5l_t31l_sc3338_rtl8188ftv	t31	t31l	MPLL	mpll	400	400000000	mpll	1000.0	400.0	333.3333333333333	None
atom_cam2_t31x_gc2053_atbm6031	t31	t31x	INTERNAL	None	600	600000000	mpll	1200.0	600.0	600.0	None
cinnado_b6_t23zn_os02g10_atbm6461	t23	t23zn	None	None	None	None	None	None	None	None	None
cinnado_d1_t23n_sc2331_atbm6012bx	t23	t23n	None	None	None	None	None	None	None	None	None
cinnado_d1_t23n_sc2336_atbm6012bx	t23	t23n	None	None	None	None	None	None	None	None	None
cinnado_d1_t31l_sc2336_atbm6031	t31	t31l	VPLL	vpll	400	400000000	vpll	1200.0	400.0	400.0	360.0
cinnado_d1_t31l_sc2336_atbm6031x	t31	t31l	VPLL	vpll	400	400000000	vpll	1200.0	400.0	400.0	360.0
dekco_dc5l_t31l_sc3336_rtl8188ftv	t31	t31l	MPLL	mpll	400	400000000	mpll	1000.0	400.0	333.3333333333333	None
ec76_u15_t21n_jxf23_rtl8188ftv	t21	t21n	None	None	None	None	None	None	None	None	None
edison_wk1mpx_t20n_jxh62_rtl8188ftv	t20	t20n	None	None	None	None	None	None	None	None	None
elife_etn3431hdw_t31x_os03b10_ssv6155	t31	t31x	INTERNAL	None	400	400000000	mpll	1200.0	400.0	400.0	None
eufy_t8400x_t31x_sc3235_syn4343	t31	t31x	INTERNAL	None	600	600000000	mpll	1200.0	600.0	600.0	None
eufy_t8400x_t31x_sc3335_syn4343	t31	t31x	INTERNAL	None	600	600000000	mpll	1200.0	600.0	600.0	None
eufy_t8400x_t31x_sc3338_syn4343	t31	t31x	INTERNAL	None	600	600000000	mpll	1200.0	600.0	600.0	None
eufy_t8410c_t31x_sc3338_atbm6031x	t31	t31x	INTERNAL	None	600	600000000	mpll	1200.0	600.0	600.0	None
eufy_t8410x_t31x_sc3235_syn4343	t31	t31x	INTERNAL	None	600	600000000	mpll	1200.0	600.0	600.0	None
eufy_t8410x_t31x_sc3335_syn4343	t31	t31x	INTERNAL	None	600	600000000	mpll	1200.0	600.0	600.0	None
eufy_t8410x_t31x_sc3336_syn4343	t31	t31x	INTERNAL	None	600	600000000	mpll	1200.0	600.0	600.0	None
eufy_t8410x_t31x_sc3338_syn4343	t31	t31x	INTERNAL	None	600	600000000	mpll	1200.0	600.0	600.0	None
eufy_t8441x_t31x_sc3335_syn4343	t31	t31x	INTERNAL	None	600	600000000	mpll	1200.0	600.0	600.0	None
eufy_t8441x_t31x_sc3338_syn4343	t31	t31x	INTERNAL	None	600	600000000	mpll	1200.0	600.0	600.0	None
eufy_t8442x_t31x_sc3335_syn4343	t31	t31x	INTERNAL	None	600	600000000	mpll	1200.0	600.0	600.0	None
eufy_t8442x_t31x_sc3338_syn4343	t31	t31x	INTERNAL	None	600	600000000	mpll	1200.0	600.0	600.0	None
feisda_hd620_t31x_jxq03_eth+rtl8188ftv	t31	t31x	VPLL	vpll	486	None	vpll	1200.0	550.0	400.0	540.0
galayou_g2_t23n_sc2336_atbm6012bx	t23	t23n	None	None	None	None	None	None	None	None	None
galayou_g7_t23n_sc2336_atbm6012bx	t23	t23n	None	None	None	None	None	None	None	None	None
galayou_y4_t23n_sc2336_atbm6062	t23	t23n	None	None	None	None	None	None	None	None	None
galayou_y4_t23n_sc2336_atbm6062cu	t23	t23n	None	None	None	None	None	None	None	None	None
galayou_y4_t23n_sc2336p_atbm6062	t23	t23n	None	None	None	None	None	None	None	None	None
galayou_y4_t31l_sc2336_atbm6012b	t31	t31l	VPLL	vpll	400	400000000	vpll	1200.0	400.0	400.0	360.0
galayou_y4_t31l_sc2336_atbm6012bx	t31	t31l	VPLL	vpll	400	400000000	vpll	1200.0	400.0	400.0	360.0
galayou_y4_t31l_sc2336_atbm6032	t31	t31l	VPLL	vpll	400	400000000	vpll	1200.0	400.0	400.0	360.0
galayou_y4_t31n_sc2336_atbm6012b	t31	t31n	VPLL	vpll	400	400000000	vpll	1200.0	400.0	400.0	360.0
ginzzu_op200_t31l_gc2083_ssv6155	t31	t31l	VPLL	vpll	400	400000000	vpll	1200.0	400.0	400.0	360.0
gncc_gc2_t23n_sc2336_atbm6012bx	t23	t23n	None	None	None	None	None	None	None	None	None
gncc_gc2_t23n_sc2336p_atbm6012bx	t23	t23n	None	None	None	None	None	None	None	None	None
gncc_gc2_t23n_sc3332_atbm6012bx	t23	t23n	None	None	None	None	None	None	None	None	None
gncc_gc2_t31l_sc2336_atbm6012b	t31	t31l	VPLL	vpll	400	400000000	vpll	1200.0	400.0	400.0	360.0
gncc_p5_t23n_sc3332_atbm6012bx	t23	t23n	None	None	None	None	None	None	None	None	None
hamedal_c20_t31a_gc2053	t31	t31a	INTERNAL	None	600	600000000	mpll	1500.0	600.0	500.0	None
hc_3301ymt1_t31n_sc2332_eth+hi3881	t31	t31n	INTERNAL	None	400	400000000	mpll	1000.0	400.0	333.3333333333333	None
hl_jdpan01_t31l_gc2053_atbm6031	t31	t31l	INTERNAL	None	400	400000000	mpll	1000.0	400.0	333.3333333333333	None
howell_qj05t_t20l_sc2235_eth+rtl8188ftv	t20	t20l	None	None	None	None	None	None	None	None	None
hugolog_e5_t31l_sc2336p_atbm6012bx	t31	t31l	INTERNAL	None	400	400000000	mpll	1000.0	400.0	333.3333333333333	None
iflytek_xfp301m_t31x_jxq03_rtl8188ftv	t31	t31x	INTERNAL	None	400	400000000	mpll	1200.0	400.0	400.0	None
iflytek_xfp301m_t31x_jxq03_ssv6155	t31	t31x	INTERNAL	None	400	400000000	mpll	1200.0	400.0	400.0	None
iget_c5pt_t41lq_gc4023_jl1101	t41	t41lq	INTERNAL	None	400	400000000	mpll	None	400.0	None	None
imou_ranger2_t31n_gc2053_eth+ssv6155	t31	t31n	VPLL	vpll	400	400000000	vpll	1200.0	400.0	400.0	360.0
jienuo_jn107ardwifi_t31l_gc2083_eth+rtl8131bu	t31	t31l	VPLL	vpll	486	None	vpll	1200.0	550.0	400.0	540.0
jienuo_jn107arewifi_t31x_sc5235_eth+rtl8731bu	t31	t31x	INTERNAL	None	400	400000000	mpll	1200.0	400.0	400.0	None
jooan_a2r_t23n_sc1a4t_atbm6012bx	t23	t23n	None	None	None	None	None	None	None	None	None
jooan_a2r_t23n_sc1a4t_ssv6355	t23	t23n	None	None	None	None	None	None	None	None	None
jooan_a6m_t23n_sc1a4t_atbm6012bx	t23	t23n	None	None	None	None	None	None	None	None	None
jooan_a6m_t23n_sc1a4t_ssv6355	t23	t23n	None	None	None	None	None	None	None	None	None
jooan_c9ts_t23n_sc2336p_atbm6132u	t23	t23n	None	None	None	None	None	None	None	None	None
jooan_f2t_t30x_sc4236_eth	t30	t30x	None	None	None	None	None	None	None	None	None
jooan_q3h_t30l_sc1235_rtl8189ftv	t30	t30l	None	None	None	None	None	None	None	None	None
jooan_q3r_t23n_sc1a4t_eth+atbm6012bx	t23	t23n	None	None	None	None	None	None	None	None	None
jooan_t2r_t23n_sc1a4t_atbm6012bx	t23	t23n	None	None	None	None	None	None	None	None	None
jooan_t2r_t23n_sc1a4t_ssv6355	t23	t23n	None	None	None	None	None	None	None	None	None
jooan_w3u_t23n_sc2336p_eth+atbm6132u	t23	t23n	None	None	None	None	None	None	None	None	None
jooan_w8u_t23n_sc2336_atbm6132u	t23	t23n	None	None	None	None	None	None	None	None	None
laview_l2_t31l_sc3338_atbm6012b	t31	t31l	INTERNAL	None	600	600000000	mpll	1000.0	600.0	500.0	None
laview_l2_t31l_sc3338_atbm6012bx	t31	t31l	INTERNAL	None	600	600000000	mpll	1000.0	600.0	500.0	None
laview_l2_t31l_sc3338_ssv6256p	t31	t31l	INTERNAL	None	600	600000000	mpll	1000.0	600.0	500.0	None
litokam_c1_t31l_sc2336_atbm6012b	t31	t31l	VPLL	vpll	400	400000000	vpll	1200.0	400.0	400.0	360.0
litokam_m1_t31l_sc3336_atbm6012b	t31	t31l	VPLL	vpll	400	400000000	vpll	1200.0	400.0	400.0	360.0
litokam_m1_t31l_sc3336_atbm6012bx	t31	t31l	VPLL	vpll	400	400000000	vpll	1200.0	400.0	400.0	360.0
longplus_x07_t31n_jxf23_rtl8189ftv	t31	t31n	VPLL	vpll	400	400000000	vpll	1200.0	400.0	400.0	360.0
lsc_3215672_t23n_sc2331_atbm6012bx	t23	t23n	None	None	None	None	None	None	None	None	None
mercusys_mc200_t23n_sc2331_wq9001	t23	t23n	None	None	None	None	None	None	None	None	None
nexht_86336_t21z_jxf37_rtl8188ftv	t21	t21zn	None	None	None	None	None	None	None	None	None
noname_t10l_jxh42_mt7601	t10	t10l	None	None	None	None	None	None	None	None	None
okam_qc3_t23n_gc2083_aic8800u	t23	t23n	None	None	None	None	None	None	None	None	None
overtech_ov59wb_t31n_sc223a_rtl8188ftv	t31	t31n	INTERNAL	None	400	400000000	mpll	1000.0	400.0	333.3333333333333	None
personal_cam2_t31x_gc2053_atbm6031	t31	t31x	INTERNAL	None	600	600000000	mpll	1200.0	600.0	600.0	None
personal_campan_t31x_gc2053_atbm6031	t31	t31x	INTERNAL	None	600	600000000	mpll	1200.0	600.0	600.0	None
pesita_x09_t31n_jxf23_rtl8189ftv	t31	t31n	VPLL	vpll	400	400000000	vpll	1200.0	400.0	400.0	360.0
primecables_08360_t21z_sc2300_rtl8188ftv	t21	t21zn	None	None	None	None	None	None	None	None	None
primecables_08361_t21n_sc2300_rtl8188ftv	t21	t21n	None	None	None	None	None	None	None	None	None
sim_simp400t_t31x_gc4653_eth+ssv6155p	t31	t31x	INTERNAL	None	400	400000000	mpll	1200.0	400.0	400.0	None
smart_nvr_a1n_eth	a1	a1n	None	None	None	None	None	None	None	None	None
sonoff_b1p_t23n_sc2336_atbm6012bx	t23	t23n	None	None	None	None	None	None	None	None	None
sonoff_pt2_t23n_sc2336p_atbm6012bx	t23	t23n	None	None	None	None	None	None	None	None	None
sonoff_s2_t23n_sc2336_atbm6012bx	t23	t23n	None	None	None	None	None	None	None	None	None
teacup_t31x	t31	t31zx	VPLL	vpll	400	400000000	vpll	1200.0	400.0	400.0	360.0
tplink_tapo_c100_t23n_sc2336p_wq9001	t23	t23n	None	None	None	None	None	None	None	None	None
tplink_tapo_c100_t31l_sc2336_rtl8188ftv	t31	t31l	INTERNAL	None	400	400000000	mpll	1000.0	400.0	333.3333333333333	None
tplink_tapo_c100_t31l_sc2336_wq9001	t31	t31l	INTERNAL	None	400	400000000	mpll	1000.0	400.0	333.3333333333333	None
tplink_tapo_c110_t23n_sc3336_wq9001	t23	t23n	None	None	None	None	None	None	None	None	None
tplink_tapo_c200_t23n_sc2336p_rtl8188ftv	t23	t23n	None	None	None	None	None	None	None	None	None
tplink_tapo_c200c_t23n_sc2336p_wq9001	t23	t23n	None	None	None	None	None	None	None	None	None
tplink_tapo_c210_t23n_sc3336_rtl8188ftv	t23	t23n	None	None	None	None	None	None	None	None	None
tplink_tapo_c500_t23n_sc2336p_atbm6012bx	t23	t23n	None	None	None	None	None	None	None	None	None
tplink_tapo_c500_t31l_sc2336_rtl8188ftv	t31	t31l	INTERNAL	None	400	400000000	mpll	1000.0	400.0	333.3333333333333	None
tplink_tapo_tc70_t31l_sc2336_rtl8188ftv	t31	t31l	INTERNAL	None	400	400000000	mpll	1000.0	400.0	333.3333333333333	None
tptek_wor504jch_t31x_gc4653_eth+rtl8731	t31	t31x	VPLL	vpll	486	None	vpll	1200.0	550.0	400.0	540.0
vanhua_ak54_t31n_gc2053_eth	t31	t31n	INTERNAL	None	400	400000000	mpll	1000.0	400.0	333.3333333333333	None
vanhua_djz_t31n_gc2083_eth	t31	t31n	VPLL	vpll	486	None	vpll	1200.0	550.0	400.0	540.0
vanhua_djz_t31n_gc4653_eth	t31	t31n	VPLL	vpll	486	None	vpll	1200.0	550.0	400.0	540.0
vanhua_fjz_t31x_gc4653_eth	t31	t31x	VPLL	vpll	486	None	vpll	1200.0	550.0	400.0	540.0
vanhua_h33_t31l_gc2083_eth	t31	t31l	VPLL	vpll	486	None	vpll	1200.0	550.0	400.0	540.0
vanhua_h53e_t31x_gc4023_eth_rtl8188ftv	t31	t31x	VPLL	vpll	400	400000000	vpll	1200.0	400.0	400.0	360.0
vanhua_l34_t31l_gc2083_eth	t31	t31l	INTERNAL	None	400	400000000	mpll	1000.0	400.0	333.3333333333333	None
vanhua_s37i_t31l_imx307_eth	t31	t31l	VPLL	vpll	486	None	vpll	1200.0	550.0	400.0	540.0
vanhua_z55_t31x_gc4653_eth	t31	t31x	VPLL	vpll	486	None	vpll	1200.0	550.0	400.0	540.0
vanhua_z55i_t31x_gc4653_eth	t31	t31x	VPLL	vpll	486	None	vpll	1200.0	550.0	400.0	540.0
victure_pc420_t21n_jxf23_eth+rtl8188ftv	t21	t21n	None	None	None	None	None	None	None	None	None
vocolinc_vc1_t31x_jxq03_rtl8189fs	t31	t31x	INTERNAL	None	600	600000000	mpll	1200.0	600.0	600.0	None
wanjiaan_g7_t31x_jxf37_eth	t31	t31x	INTERNAL	None	400	400000000	mpll	1200.0	400.0	400.0	None
wanjiaan_hdc51_t21n_sc2235_rtl8189ftv	t21	t21n	None	None	None	None	None	None	None	None	None
wanjiaan_hdc51_t31l_jxf37_rtl8188ftv	t31	t31l	INTERNAL	None	400	400000000	mpll	1000.0	400.0	333.3333333333333	None
wanjiaan_hdc51_t31l_sc2332_rtl8188ftv	t31	t31l	INTERNAL	None	400	400000000	mpll	1000.0	400.0	333.3333333333333	None
wanjiaan_hdc51_t31l_sc2332_rtl8188ftv_mmc	t31	t31l	INTERNAL	None	400	400000000	mpll	1000.0	400.0	333.3333333333333	None
wanjiaan_hdc55_t31n_sc2332_rtl8188ftv	t31	t31n	INTERNAL	None	400	400000000	mpll	1000.0	400.0	333.3333333333333	None
wanjiaan_q2_t30x_sc2235_rtl8189ftv	t30	t30x	None	None	None	None	None	None	None	None	None
wansview_106_t31n_jxf37	t31	t31n	INTERNAL	None	500	500000000	mpll	1000.0	500.0	500.0	None
wansview_a1_t23zn_os02g10_atbm6461	t23	t23zn	None	None	None	None	None	None	None	None	None
wansview_g6_t31l_sc2336_atbm6012b	t31	t31l	INTERNAL	None	600	600000000	mpll	1000.0	600.0	500.0	None
wansview_g6_t31l_sc2336_ssv6256p	t31	t31l	INTERNAL	None	600	600000000	mpll	1000.0	600.0	500.0	None
wansview_k5_t21n_os02b10_mt7601u	t21	t21n	None	None	None	None	None	None	None	None	None
wansview_k5_t21n_ov2735b_mt7601u	t21	t21n	None	None	None	None	None	None	None	None	None
wansview_q5_t21n_os02b10_mt7601u	t21	t21n	None	None	None	None	None	None	None	None	None
wansview_q5_t21n_os02b10_rtl8188ftv	t21	t21n	None	None	None	None	None	None	None	None	None
wansview_q5_t21n_ov2735b_mt7601u	t21	t21n	None	None	None	None	None	None	None	None	None
wansview_q5_t23n_sc2336_atbm6012bx	t23	t23n	None	None	None	None	None	None	None	None	None
wansview_q6_t21n_os02b10_mt7601u	t21	t21n	None	None	None	None	None	None	None	None	None
wansview_q6_t21n_ov2735b_rtl8188ftv	t21	t21n	None	None	None	None	None	None	None	None	None
wansview_q7_t23n_sc2336_atbm6012bx	t23	t23n	None	None	None	None	None	None	None	None	None
wansview_w5_t21n_ps5260_eth+mt7601sta	t21	t21n	None	None	None	None	None	None	None	None	None
wansview_w6_t21n_os02g10_eth+rtl8188ftv	t21	t21n	None	None	None	None	None	None	None	None	None
wansview_w6_t21n_ov2735b_eth+rtl8188ftv	t21	t21n	None	None	None	None	None	None	None	None	None
wansview_w7_t31l_sc2336_atbm6012b	t31	t31l	VPLL	vpll	400	400000000	vpll	1200.0	400.0	400.0	360.0
wuuk_y0310_t31x_sc401ai_ssv6158	t31	t31x	VPLL	vpll	400	400000000	vpll	1200.0	400.0	400.0	360.0
wuuk_y0510_t31x_sc401ai_ssv6158	t31	t31x	VPLL	vpll	400	400000000	vpll	1200.0	400.0	400.0	360.0
wuuk_y0510_t31x_sc4336p_ssv6158	t31	t31x	VPLL	vpll	400	400000000	vpll	1200.0	400.0	400.0	360.0
wyze_cam2_t20x_jxf22_rtl8189ftv	t20	t20x	None	None	None	None	None	None	None	None	None
wyze_cam2_t20x_jxf23_rtl8189ftv	t20	t20x	None	None	None	None	None	None	None	None	None
wyze_cam3_t31al_gc2053_atbm6031	t31	t31al	INTERNAL	None	600	600000000	mpll	1500.0	600.0	500.0	None
wyze_cam3_t31x_gc2053_atbm6031	t31	t31x	INTERNAL	None	600	600000000	mpll	1200.0	600.0	600.0	None
wyze_cam3_t31x_gc2053_rt5370	t31	t31x	INTERNAL	None	600	600000000	mpll	1200.0	600.0	600.0	None
wyze_cam3_t31x_gc2053_rtl8189ftv	t31	t31x	INTERNAL	None	600	600000000	mpll	1200.0	600.0	600.0	None
wyze_camfl1_t31al_gc2053_atbm6031	t31	t31al	INTERNAL	None	600	600000000	mpll	1500.0	600.0	500.0	None
wyze_camfl1_t31x_gc2053_atbm6031	t31	t31x	INTERNAL	None	600	600000000	mpll	1200.0	600.0	600.0	None
wyze_camfl1_t31x_gc2053_rtl8189ftv	t31	t31x	INTERNAL	None	600	600000000	mpll	1200.0	600.0	600.0	None
wyze_campan1_t20x_jxf22_rtl8189etv	t20	t20x	None	None	None	None	None	None	None	None	None
wyze_campan1_t20x_jxf23_rtl8189ftv	t20	t20x	None	None	None	None	None	None	None	None	None
wyze_campan2_t31x_gc2053_atbm6031	t31	t31x	INTERNAL	None	600	600000000	mpll	1200.0	600.0	600.0	None
wyze_campan3_t31x_gc2053_atbm6031	t31	t31x	INTERNAL	None	600	600000000	mpll	1200.0	600.0	600.0	None
wyze_vdb1_t30x_sc4236_rtl8189ftv	t30	t30x	None	None	None	None	None	None	None	None	None
wyze_vdb1_t31x_sc4236_rtl8189ftv	t31	t31x	INTERNAL	None	600	600000000	mpll	1200.0	600.0	600.0	None
wyze_vdb2_t31x_sc301iot_atbm6031	t31	t31x	INTERNAL	None	600	600000000	mpll	1200.0	600.0	600.0	None
xiaomi_hlcam04_t31n_sc3335_atbm6031	t31	t31n	INTERNAL	None	500	500000000	mpll	1000.0	500.0	500.0	None
xiaomi_mjsxj03hl_t31l_jxq03p_rtl8189ftv	t31	t31l	VPLL	vpll	400	400000000	vpll	1200.0	400.0	400.0	360.0
xiaomi_mjsxj03hl_t31n_jxq03_rtl8189ftv	t31	t31n	VPLL	vpll	400	400000000	vpll	1200.0	400.0	400.0	360.0
xiaomi_mjsxj03hl_t31n_jxq03p_rtl8189ftv	t31	t31n	VPLL	vpll	400	400000000	vpll	1200.0	400.0	400.0	360.0
xiaomi_mjsxj05hl_t31l_gc2053_atbm6031	t31	t31l	INTERNAL	None	400	400000000	mpll	1000.0	400.0	333.3333333333333	None
xiaomi_sxj02zm_t20l_ps5250_rtl8189ftv	t20	t20l	None	None	None	None	None	None	None	None	None
xiaomi_xiaofang_t20l_jxf22_rtl8189ftv	t20	t20l	None	None	None	None	None	None	None	None	None
xiaomi_xiaofang_t20l_jxf23_rtl8189ftv	t20	t20l	None	None	None	None	None	None	None	None	None
xiaomi_xiaofang_t31x_jxf23_rtl8189ftv	t31	t31x	INTERNAL	None	600	600000000	mpll	1200.0	600.0	600.0	None
xvim_ipcam100_t21n_jxf37_eth+rtl8188ftv	t21	t21n	None	None	None	None	None	None	None	None	None
zte_k540_t31x_sc4336_eth+atbm6032	t31	t31x	INTERNAL	None	400	400000000	mpll	1200.0	400.0	400.0	None
zte_k540v2_t31x_sc4336_eth+atbm6032	t31	t31x	INTERNAL	None	400	400000000	mpll	1200.0	400.0	400.0	None
360_ap6pcm03_t31x_gc4653_eth+atbm6031	t31	t31x	VPLL	vpll	486	None	vpll	1200.0	550.0	400.0	540.0
360_d619_t10_ov9732_rtl8188eu	t10	t10a	None	None	None	None	None	None	None	None	None
360_d619_t10_ov9732_rtl8188eus	t10	t10a	None	None	None	None	None	None	None	None	None
360_k7ts_t41nq_gc4023_eth	t41	t41nq	INTERNAL	None	400	400000000	mpll	1400.0	400.0	350.0	None
anker_c200_t31x_sc500ai	t31	t31x	INTERNAL	None	600	600000000	mpll	1200.0	600.0	600.0	None
besder_w9q_t23n_os02n10_aic8800u	t23	t23n	None	None	None	None	None	None	None	None	None
camsoy_okc01_t31lc_gc1084_hi3881	t31	t31lc	INTERNAL	None	400	400000000	mpll	1000.0	400.0	333.3333333333333	None
cinnado_d13k_t41nq_sc5336_atbm6132bu	t41	t41nq	APLL	apll	550	550000000	apll	None	550.0	None	None
cinnado_d1_3k_atbm6132u	t41	t41nq	APLL	apll	550	550000000	apll	None	550.0	None	None
cinnado_d1_t31l_kernel44	t31	t31l	INTERNAL	None	400	400000000	mpll	1000.0	400.0	333.3333333333333	None
dekco_t23n_sc3332p_ws73v100	t23	t23n	None	None	None	None	None	None	None	None	None
escam_g16_t21n_jxh62_mt7601u	t21	t21n	None	None	None	None	None	None	None	None	None
eufy_t8410_t31x_sc3235_syn4343	t31	t31x	INTERNAL	None	600	600000000	mpll	1200.0	600.0	600.0	None
eufy_t8410c_t31x_sc3338_atbm6031x_ble	t31	t31x	INTERNAL	None	600	600000000	mpll	1200.0	600.0	600.0	None
eufy_t8416_t40xp_sc830_aic8800d40	t40	t40xp	MPLL	mpll	600	600000000	mpll	1200.0	600.0	600.0	None
ezviz_csmy33why_t31x_jxq03_rtl8188ftv	t31	t31x	INTERNAL	None	400	400000000	mpll	1200.0	400.0	400.0	None
galayou_g2_t31lc_sc2336_atbm6012b	t31	t31lc	INTERNAL	None	400	400000000	mpll	1000.0	400.0	333.3333333333333	None
galayou_g2_t31lc_sc2336_atbm6012bx	t31	t31lc	INTERNAL	None	400	400000000	mpll	1000.0	400.0	333.3333333333333	None
galayou_g7_t31lc_sc2336_atbm6012b	t31	t31lc	INTERNAL	None	400	400000000	mpll	1000.0	400.0	333.3333333333333	None
h3c_c2041_t31x_jxk04_eth+rtl8188ftv	t31	t31x	INTERNAL	None	400	400000000	mpll	1200.0	400.0	400.0	None
h3c_tc2100_t31n_jxq03_eth+ssv6155	t31	t31n	INTERNAL	None	400	400000000	mpll	1000.0	400.0	333.3333333333333	None
hugolog_e5p_t41lq_sc4336p_atbm6062u	t41	t41lq	APLL	apll	550	550000000	apll	None	550.0	None	None
iegeek_sc1_t23n_cv2003_atbm6132u	t23	t23n	None	None	None	None	None	None	None	None	None
ingenic_k3_100_c100_gc2053_bcmdhd_ap6214a	c100	c100	None	None	None	None	None	None	None	None	None
javiscam_a3_t23n_os02n10_aic8800dc	t23	t23n	None	None	None	None	None	None	None	None	None
jooan_f2t_t31x_gc4653_ssv6265p+eth	t31	t31x	INTERNAL	None	400	400000000	mpll	1200.0	400.0	400.0	None
jooan_w5u_t40nn_os02g10_ssv6256p	t40	t40nn	INTERNAL	None	400	400000000	mpll	1000.0	400.0	333.3333333333333	None
kiwibit_bc111_t23zn_unk_aiw4211l	t23	t23zn	None	None	None	None	None	None	None	None	None
laxihub_14t_t31l_sc2336_atbm6032	t31	t31l	INTERNAL	None	400	400000000	mpll	1000.0	400.0	333.3333333333333	None
longplus_x07_t31n_gc2063_rtl8189ftv	t31	t31n	VPLL	vpll	400	400000000	vpll	1200.0	400.0	400.0	360.0
noname_green_t10_ov9712_ap6181	t10	t10l	None	None	None	None	None	None	None	None	None
noorio_t110_t41nq_gc4023_aic8800d	t41	t41nq	INTERNAL	None	400	400000000	mpll	1400.0	400.0	350.0	None
okam_qc2_t23n_gc2083_aic8800dc	t23	t23n	None	None	None	None	None	None	None	None	None
okam_qc3_t23dl_gc1084_aic8800dc	t23	t23dl	None	None	None	None	None	None	None	None	None
sannce_i21ag_t10l_jxh62_mt7601u	t10	t10l	None	None	None	None	None	None	None	None	None
szt_ct213_t23n_gc1084_atbm6012b	t23	t23n	None	None	None	None	None	None	None	None	None
tplink_tapo_c210_t23n_sc3336_rtl8188ftv	t23	t23n	None	None	None	None	None	None	None	None	None
vanhua_s62i_t40nn_imx307_eth	t40	t40n	INTERNAL	None	400	400000000	mpll	1000.0	400.0	333.3333333333333	None
vanhua_s62i_t40xp_imx307_eth	t40	t40xp	INTERNAL	None	400	400000000	mpll	1200.0	400.0	400.0	None
vanhua_t55a_t41lq_gc5603_eth	t41	t41lq	INTERNAL	None	400	400000000	mpll	None	400.0	None	None
vanhua_z66si_t41nq_gc4023_eth	t41	t41nq	APLL	apll	550	550000000	apll	None	550.0	None	None
vstarcam_c662_t23n_gc2083_ssv6355	t23	t23n	None	None	None	None	None	None	None	None	None
wansview_q6_t21n_ov2735b_rtl8188ftv	t21	t21n	None	None	None	None	None	None	None	None	None
wansview_y1_t31l_os02g10_atbm6031	t31	t31l	INTERNAL	None	400	400000000	mpll	1000.0	400.0	333.3333333333333	None
wj01_t31l_jxh62_rtl8188ftv	t31	t31l	INTERNAL	None	400	400000000	mpll	1000.0	400.0	333.3333333333333	None
wuuk_y0910_t41nq_sc4336p_atbm6031	t41	t41nq	SCLKA	sclka	550	550000000	sclka	None	550.0	None	None
wyze_cam3pro_nor_t40xp_gc4653_rtl8192fs	t40	t40xp	MPLL	mpll	400	400000000	mpll	1200.0	400.0	400.0	None
wyze_cam3pro_t40xp_gc4653_rtl8192fs	t40	t40xp	MPLL	mpll	400	400000000	mpll	1200.0	400.0	400.0	None
wyze_cam4_t41nq_os04d10_atbm6062s	t41	t41nq	SCLKA	sclka	550	550000000	sclka	None	550.0	None	None
wyze_campan4_t32nq_cv8001_atbm6162s	t32	t32nq	None	None	None	None	None	None	None	None	None
wyze_floodlightv2_t41nq_gc3003a_atbm6031	t41	t41nq	SCLKA	sclka	550	550000000	sclka	None	550.0	None	None
xiaomi_mjsxj03hl_t31n_jxq03p_rtl8189ftv_k4	t31	t31n	INTERNAL	None	400	400000000	mpll	1000.0	400.0	333.3333333333333	None
